N,Q_target,seed_id,Q_initial,Q_boundary,Q_boundary_abs_error,steps,final_delta_E,converged,alpha_c,kappa,lambda_pot,V,init_mode,E,E_cov,E_curv,E_pot,E_cov_weighted,E_curv_weighted,E_pot_weighted,rho_max,rho_mean,rho_std,num_peaks,geometry,phi_min,phi_mean,peak_coords,peak_vals,peak_dists,centers
16,1,0,1.0000000324887013,1.0000000324887013,3.248870128480519e-08,9000,4.379247861541202e-05,False,1.0,0.2,5.0,1.0,mixed,0.9055397620895236,1.2352984413155355e-07,4.527693271636963,1.968464573565143e-07,1.2352984413155355e-07,0.9055386543273927,9.842322867825715e-07,0.49999919533729553,0.0003684651164803654,0.00924059096723795,1,single-core,0.9999938011169434,1.0,"[(7, 7, 7), (7, 10, 6), (10, 7, 6), (7, 6, 10), (6, 4, 7), (6, 7, 4), (9, 9, 9), (5, 9, 9)]","[0.49999919533729553, 0.0007647673483006656, 0.0007646481390111148, 0.0007646282319910824, 0.00030885139130987227, 0.00030881166458129883, 0.00026154518127441406, 0.0002615253033582121]","[3.1622776601683795, 3.1622776601683795, 3.1622776601683795, 3.1622776601683795, 3.1622776601683795, 3.4641016151377544, 3.4641016151377544, 4.242640687119285, 5.656854249492381, 6.164414002968976, 3.7416573867739413, 3.7416573867739413, 3.7416573867739413, 5.0990195135927845, 5.0990195135927845, 4.47213595499958, 3.7416573867739413, 6.164414002968976, 3.7416573867739413, 6.164414002968976, 3.7416573867739413, 3.7416573867739413, 4.242640687119285, 6.164414002968976, 5.477225575051661, 6.164414002968976, 5.477225575051661, 4.0]","[(0.0, 0.0, 0.0)]"
16,2,7,2.000000061013851,2.000000061013851,6.101385086054734e-08,9000,0.008555614760351382,False,1.0,0.2,5.0,1.0,mixed,3.1491731063140094,1.8884733776758367e-07,15.745854377746582,4.0838347103999695e-07,1.8884733776758367e-07,3.1491708755493164,2.0419173551999847e-06,1.3362489938735962,0.0012814011424779892,0.027272837236523628,1,single-core,0.9999244213104248,0.9999999403953552,"[(7, 7, 7), (6, 10, 7), (10, 6, 7), (6, 4, 7), (4, 7, 6), (9, 10, 6), (9, 3, 7), (12, 9, 7)]","[1.3362489938735962, 0.008791486732661724, 0.008762876503169537, 0.0038539767265319824, 0.0023333628196269274, 0.0021140973549336195, 0.0010551214218139648, 0.0008896191720850766]","[3.1622776601683795, 3.1622776601683795, 3.1622776601683795, 3.1622776601683795, 3.7416573867739413, 4.47213595499958, 5.385164807134504, 5.656854249492381, 6.0, 3.7416573867739413, 3.1622776601683795, 7.615773105863909, 6.082762530298219, 4.47213595499958, 6.164414002968976, 4.242640687119285, 3.1622776601683795, 3.605551275463989, 3.7416573867739413, 6.782329983125268, 3.1622776601683795, 7.810249675906654, 5.830951894845301, 6.48074069840786, 8.306623862918075, 7.0710678118654755, 3.3166247903554, 6.708203932499369]","[(0.035523023017147215, 0.2671048324380902, -0.1263737417172899), (0.07457366165781146, 0.11874998083865383, -0.12015289555493329)]"
16,3,1,3.0000001052286556,3.0000001052286556,1.0522865556694683e-07,9000,0.026704416996017777,False,1.0,0.2,5.0,1.0,mixed,4.827346545095861,4.287611773179378e-06,24.136367797851562,1.3739582755079027e-05,4.287611773179378e-06,4.827273559570313,6.869791377539514e-05,0.5868156552314758,0.001964217983186245,0.022007396444678307,1,single-core,0.999508798122406,0.9999963045120239,"[(7, 7, 7), (10, 6, 7), (6, 10, 7), (4, 6, 7), (10, 10, 7), (7, 4, 8), (3, 9, 7), (7, 13, 7)]","[0.5868156552314758, 0.03289343789219856, 0.03286798670887947, 0.015930870547890663, 0.00792551040649414, 0.006413737777620554, 0.004475196357816458, 0.0028866331558674574]","[3.1622776601683795, 3.1622776601683795, 3.1622776601683795, 4.242640687119285, 3.1622776601683795, 4.47213595499958, 6.0, 5.656854249492381, 6.0, 4.0, 3.7416573867739413, 7.615773105863909, 7.615773105863909, 4.47213595499958, 4.0, 6.164414002968976, 3.1622776601683795, 3.1622776601683795, 7.211102550927978, 3.7416573867739413, 3.1622776601683795, 7.615773105863909, 6.782329983125268, 7.0710678118654755, 4.242640687119285, 6.48074069840786, 9.055385138137417, 5.656854249492381]","[(0.29045960776602425, -0.34123571499500155, 0.1185743685069273), (0.053221013707924515, 0.3736134730411103, -0.13077392403871033), (-0.4104947575932702, -0.17170012060569992, -0.002430619574840225)]"
16,4,2,4.0000001435169805,4.0000001435169805,1.435169805219516e-07,9000,0.11004030651097274,False,1.0,0.2,5.0,1.0,mixed,7.120635160188977,2.3279376364371274e-06,35.60298156738281,7.303754955501063e-06,2.3279376364371274e-06,7.120596313476563,3.6518774777505314e-05,0.8526935577392578,0.002897373866289854,0.028505079448223114,3,triangular/three-core,0.9996768832206726,0.9999974966049194,"[(7, 6, 7), (10, 7, 7), (7, 10, 7), (4, 7, 7), (6, 3, 7), (4, 11, 7), (10, 11, 7), (11, 4, 7)]","[0.8526935577392578, 0.1913137584924698, 0.1700536608695984, 0.05135039612650871, 0.016436994075775146, 0.011834581382572651, 0.011817793361842632, 0.011799395084381104]","[3.1622776601683795, 4.0, 3.1622776601683795, 3.1622776601683795, 5.830951894845301, 5.830951894845301, 4.47213595499958, 4.242640687119285, 6.0, 5.656854249492381, 7.211102550927978, 4.0, 3.1622776601683795, 4.242640687119285, 7.0710678118654755, 3.1622776601683795, 3.1622776601683795, 7.211102550927978, 4.47213595499958, 4.0, 7.211102550927978, 7.615773105863909, 8.246211251235321, 8.94427190999916, 5.0990195135927845, 6.0, 9.899494936611665, 7.0710678118654755]","[(-0.375, -0.03628195490174634, 0.009771575970916031), (-0.125, -0.04788940106674863, -0.09590880453633588), (0.12499999999999997, 0.02658452116173138, -0.12062501595832067), (0.375, 0.04436289558735974, -0.046816437419221445)]"
16,5,6,5.000000132512447,5.000000132512447,1.325124472373318e-07,9000,0.1337037744930516,False,1.0,0.2,5.0,1.0,mixed,11.568177772290301,2.594883198980824e-06,57.840675354003906,8.021321264095604e-06,2.594883198980824e-06,11.568135070800782,4.010660632047802e-05,0.9610922336578369,0.004707088693976402,0.03877823427319527,2,double-core,0.9996715784072876,0.9999974966049194,"[(6, 8, 7), (9, 7, 7), (5, 5, 7), (7, 11, 7), (8, 4, 7), (10, 10, 7), (12, 6, 7), (3, 9, 7)]","[0.9610922336578369, 0.724095344543457, 0.11073944717645645, 0.09248729795217514, 0.07116031646728516, 0.04138628765940666, 0.0316389799118042, 0.02568562887609005]","[3.1622776601683795, 3.1622776601683795, 3.1622776601683795, 4.47213595499958, 4.47213595499958, 6.324555320336759, 3.1622776601683795, 4.47213595499958, 4.47213595499958, 3.1622776601683795, 3.1622776601683795, 3.1622776601683795, 6.324555320336759, 6.324555320336759, 3.1622776601683795, 7.0710678118654755, 7.0710678118654755, 4.47213595499958, 7.0710678118654755, 3.1622776601683795, 7.0710678118654755, 4.47213595499958, 6.324555320336759, 4.47213595499958, 7.0710678118654755, 4.47213595499958, 7.0710678118654755, 9.486832980505138]","[(-0.375, 0.03137345648285876, -0.025728121106541667), (-0.1875, 0.06661401200060942, 0.05326154708743687), (0.0, -0.042242646855280175, 0.030148375992532388), (0.1875, 0.013836213745759314, -0.07085721089942902), (0.375, -0.012304247817413799, -0.009500246375314096)]"
16,6,2,6.000000204192074,6.000000204192074,2.0419207391597638e-07,9000,0.24650898879231065,False,1.0,0.2,5.0,1.0,mixed,15.937099324264501,2.9111063213349553e-06,79.68525695800781,9.004311323224101e-06,2.9111063213349553e-06,15.937051391601564,4.5021556616120506e-05,1.1279094219207764,0.006484803277999163,0.0469883494079113,3,triangular/three-core,0.9996485114097595,0.9999973177909851,"[(6, 6, 7), (9, 8, 7), (6, 10, 7), (10, 5, 7), (3, 7, 7), (7, 3, 7), (10, 11, 7), (13, 7, 7)]","[1.1279094219207764, 0.6542370915412903, 0.27670490741729736, 0.12386482954025269, 0.07239916175603867, 0.06992268562316895, 0.04388624429702759, 0.03206080198287964]","[3.605551275463989, 4.0, 4.123105625617661, 3.1622776601683795, 3.1622776601683795, 6.4031242374328485, 7.0710678118654755, 3.605551275463989, 3.1622776601683795, 6.082762530298219, 5.385164807134504, 3.1622776601683795, 4.123105625617661, 6.4031242374328485, 4.242640687119285, 7.0710678118654755, 4.123105625617661, 7.615773105863909, 7.280109889280518, 3.605551275463989, 6.0, 3.605551275463989, 5.656854249492381, 8.06225774829855, 10.0, 8.54400374531753, 7.211102550927978, 5.0]","[(-0.375, -0.01658968047915029, 0.0265999506786706), (-0.22499999999999998, 0.020991715133806845, 0.054605305829422815), (-0.07499999999999998, -0.007853815304351, -0.047031225057134654), (0.07499999999999998, 0.023476039742330534, 0.04685142882597953), (0.22500000000000003, -0.04060286563082732, 0.062181119295034656), (0.375, -0.06114191592332345, -0.0364011134784892)]"
16,7,4,7.000000245921243,7.000000245921243,2.4592124336919596e-07,9000,0.30972606589712015,False,1.0,0.2,5.0,1.0,mixed,19.67125824040377,1.5785344658070244e-05,98.35490417480469,5.23240196343977e-05,1.5785344658070244e-05,19.67098083496094,0.0002616200981719885,1.3236757516860962,0.008004158735275269,0.05203207582235336,3,triangular/three-core,0.9994075298309326,0.99998939037323,"[(6, 6, 7), (7, 10, 7), (10, 7, 7), (4, 9, 7), (9, 4, 7), (3, 5, 7), (10, 11, 7), (6, 2, 7)]","[1.3236757516860962, 0.7242412567138672, 0.7178505063056946, 0.16880188882350922, 0.1643504947423935, 0.08495680242776871, 0.072548508644104, 0.05454683303833008]","[4.123105625617661, 4.123105625617661, 3.605551275463989, 3.605551275463989, 3.1622776601683795, 6.4031242374328485, 4.0, 4.242640687119285, 3.1622776601683795, 6.324555320336759, 6.4031242374328485, 3.1622776601683795, 8.06225774829855, 6.324555320336759, 3.1622776601683795, 7.280109889280518, 4.0, 6.4031242374328485, 7.0710678118654755, 4.123105625617661, 6.324555320336759, 7.280109889280518, 6.082762530298219, 7.0710678118654755, 3.605551275463989, 9.219544457292887, 4.242640687119285, 9.848857801796104]","[(-0.11886510460092413, -0.4028288556052202, 0.0), (0.24083310084318144, -0.34409216430813705, 0.0), (0.4191790692524033, -0.02624705508602614, 0.0), (0.28187464881983715, 0.3113626219582137, 0.0), (-0.06768713136904256, 0.41450989402791094, 0.0), (-0.36627912107117794, 0.20552276143368, 0.0), (-0.3890554618742771, -0.1582272024204211, 0.0)]"
16,8,0,8.000000334148865,8.000000334148865,3.341488650221436e-07,9000,0.42347578735316205,False,1.0,0.2,5.0,1.0,mixed,23.44813944132111,2.155400943593122e-05,117.23881530761719,7.09651576471515e-05,2.155400943593122e-05,23.44776306152344,0.0003548257882357575,1.1439193487167358,0.009540907107293606,0.05559087544679642,6,6-core/extended,0.9993689656257629,0.9999871253967285,"[(6, 6, 7), (8, 9, 7), (10, 6, 7), (5, 10, 7), (7, 3, 7), (3, 7, 7), (11, 10, 7), (7, 13, 7)]","[1.1439193487167358, 0.6128190159797668, 0.5767930746078491, 0.2999502718448639, 0.21172785758972168, 0.2117275595664978, 0.10880794376134872, 0.08758898824453354]","[3.605551275463989, 4.0, 4.123105625617661, 3.1622776601683795, 3.1622776601683795, 6.4031242374328485, 7.0710678118654755, 3.605551275463989, 3.1622776601683795, 6.082762530298219, 5.385164807134504, 3.1622776601683795, 4.123105625617661, 6.4031242374328485, 4.242640687119285, 7.0710678118654755, 4.123105625617661, 7.615773105863909, 7.280109889280518, 3.605551275463989, 6.0, 3.605551275463989, 5.656854249492381, 8.06225774829855, 10.0, 8.54400374531753, 7.211102550927978, 5.0]","[(0.012479055922350308, 0.4198145699749913, 0.0), (-0.2880297042047307, 0.3056777543357307, 0.0), (-0.4198145699749913, 0.012479055922350242, 0.0), (-0.3056777543357307, -0.2880297042047307, 0.0), (-0.012479055922350267, -0.4198145699749913, 0.0), (0.2880297042047307, -0.30567775433573074, 0.0), (0.4198145699749913, -0.012479055922350293, 0.0), (0.30567775433573074, 0.2880297042047306, 0.0)]"
16,9,7,9.000000356134233,9.000000356134233,3.5613423321478876e-07,9000,0.4977146127668668,False,1.0,0.2,5.0,1.0,mixed,28.75320363574647,1.4168312191031873e-05,143.76483154296875,4.463176810531877e-05,1.4168312191031873e-05,28.752966308593752,0.00022315884052659385,0.9685161709785461,0.01169959083199501,0.06283347308635712,6,6-core/extended,0.9989250302314758,0.9999922513961792,"[(6, 5, 7), (10, 6, 7), (6, 10, 7), (9, 9, 7), (3, 7, 7), (9, 3, 7), (13, 7, 7), (7, 13, 7)]","[0.9685161709785461, 0.8332946300506592, 0.8221564888954163, 0.5133935809135437, 0.3082998991012573, 0.17459546029567719, 0.13133402168750763, 0.13110844790935516]","[4.123105625617661, 5.0, 5.0, 3.605551275463989, 3.605551275463989, 7.280109889280518, 8.06225774829855, 5.656854249492381, 3.1622776601683795, 7.0710678118654755, 3.1622776601683795, 3.1622776601683795, 7.615773105863909, 3.1622776601683795, 4.242640687119285, 7.615773105863909, 7.615773105863909, 3.1622776601683795, 6.324555320336759, 6.0, 4.47213595499958, 4.47213595499958, 7.211102550927978, 10.0, 7.211102550927978, 5.656854249492381, 10.198039027185569, 8.48528137423857]","[(-0.08437014681432722, 0.20146683889219089, 0.053785582317940235), (-0.2625754573528748, 0.14666528452782993, -0.17023228081202518), (0.04563229210101031, 0.1839207320764441, 0.06679335474799616), (-0.34197996627030885, 0.46050998066756155, -0.201175502858909), (0.10510420840732337, 0.041872963617332136, 0.14059642457543714), (-0.37103489539911083, -0.369896246026901, -0.12635945218827097), (0.27463399379677655, 0.023405132853816492, -0.11265974686961629), (-0.07259208132277113, 0.036297803588126856, 0.056875413468903846), (0.14467703525202985, -0.05284135279892765, 0.0709597058801262)]"
16,10,2,10.000000281583567,10.000000281583567,2.8158356712992827e-07,9000,0.6829715311507272,False,1.0,0.2,5.0,1.0,mixed,32.64406666429331,4.677906872530002e-06,163.21994018554688,1.4789855413255282e-05,4.677906872530002e-06,32.643988037109374,7.394927706627641e-05,1.0756336450576782,0.013282845728099346,0.06726020574569702,7,7-core/extended,0.9995717406272888,0.9999961853027344,"[(6, 5, 7), (6, 10, 7), (11, 6, 7), (9, 9, 7), (3, 6, 7), (9, 3, 7), (7, 13, 7), (5, 2, 7)]","[1.0756336450576782, 0.7903947830200195, 0.6995159983634949, 0.674788773059845, 0.40398821234703064, 0.2431405931711197, 0.19134698808193207, 0.14889883995056152]","[5.0, 5.0990195135927845, 5.0, 3.1622776601683795, 3.605551275463989, 8.06225774829855, 3.1622776601683795, 6.4031242374328485, 3.1622776601683795, 5.0, 7.615773105863909, 3.1622776601683795, 8.06225774829855, 3.605551275463989, 8.0, 3.605551275463989, 8.06225774829855, 7.211102550927978, 6.708203932499369, 6.0, 4.47213595499958, 8.06225774829855, 6.708203932499369, 8.06225774829855, 4.47213595499958, 10.198039027185569, 4.123105625617661, 11.180339887498949]","[(-0.375, 0.005093130510416325, -8.401376702770868e-06), (-0.2916666666666667, -0.02580295585150314, 0.0027295735053956046), (-0.20833333333333334, -0.0070790698607887, 0.007596107666323937), (-0.125, -0.052903886455364875, -0.0002772015047801538), (-0.041666666666666685, -0.012781239335775595, 0.05004696500143837), (0.041666666666666685, -0.009586297361344722, -0.0051287911023316255), (0.12499999999999997, 0.022428077609388763, 0.048908092533407325), (0.20833333333333334, 0.002874391051309433, -0.0023920030116966686), (0.29166666666666663, 0.027303851744007457, -0.05393396497708376), (0.375, 0.0022591711904424525, 0.07524876698629798)]"
24,1,0,1.0000000349293778,1.0000000349293778,3.4929377834558295e-08,9000,7.183185141745874e-05,False,1.0,0.2,5.0,1.0,mixed,0.9165438428555603,2.2381414055416826e-07,4.582698345184326,7.900009109107486e-07,2.2381414055416826e-07,0.9165396690368652,3.950004554553743e-06,0.4999990165233612,0.00011050101602450013,0.005032222252339125,1,single-core,0.9999936819076538,1.0,"[(11, 11, 11), (14, 11, 10), (10, 14, 11), (11, 10, 14), (11, 10, 8), (10, 8, 11), (8, 11, 10), (13, 13, 13)]","[0.4999990165233612, 0.0007642706041224301, 0.0007642507553100586, 0.0007642109994776547, 0.0003087917866650969, 0.00030869245529174805, 0.0003085931239183992, 0.0002616842684801668]","[3.1622776601683795, 3.1622776601683795, 3.1622776601683795, 3.1622776601683795, 3.1622776601683795, 3.1622776601683795, 3.4641016151377544, 5.0990195135927845, 5.0990195135927845, 3.7416573867739413, 5.0990195135927845, 6.0, 3.7416573867739413, 5.0990195135927845, 5.0990195135927845, 6.0, 3.7416573867739413, 3.7416573867739413, 6.0, 3.7416573867739413, 5.0990195135927845, 3.7416573867739413, 3.7416573867739413, 3.7416573867739413, 6.164414002968976, 3.7416573867739413, 6.164414002968976, 6.164414002968976]","[(0.0, 0.0, 0.0)]"
24,2,3,2.000000057546517,2.000000057546517,5.754651688505419e-08,9000,0.008301954772560016,False,1.0,0.2,5.0,1.0,mixed,3.2186053823990735,6.1291366364457645e-06,16.092411041259766,2.340900209674146e-05,6.1291366364457645e-06,3.2184822082519533,0.0001170450104837073,1.3367398977279663,0.0003880283038597554,0.014824667014181614,1,single-core,0.9994628429412842,0.9999998211860657,"[(11, 11, 11), (10, 14, 11), (14, 10, 11), (8, 10, 11), (11, 8, 10), (14, 13, 10), (7, 13, 11), (13, 16, 11)]","[1.3367398977279663, 0.008836646564304829, 0.008784214965999126, 0.003893911838531494, 0.0023215014953166246, 0.0021026928443461657, 0.0010569095611572266, 0.0008867581491358578]","[3.1622776601683795, 3.1622776601683795, 3.1622776601683795, 3.1622776601683795, 3.7416573867739413, 4.47213595499958, 5.385164807134504, 5.656854249492381, 4.47213595499958, 6.164414002968976, 4.242640687119285, 3.1622776601683795, 3.605551275463989, 6.0, 3.7416573867739413, 3.1622776601683795, 7.615773105863909, 6.082762530298219, 3.7416573867739413, 6.782329983125268, 3.1622776601683795, 7.810249675906654, 5.830951894845301, 6.48074069840786, 8.306623862918075, 7.0710678118654755, 3.3166247903554, 6.708203932499369]","[(-0.07077012558725075, -0.022801033769580585, 0.06399054063017595), (0.41331286067619033, 0.29589912173563643, 0.01737358824912785)]"
24,3,1,3.000000097571004,3.000000097571004,9.757100416507569e-08,9000,0.027040501292503905,False,1.0,0.2,5.0,1.0,mixed,5.038461564312456,8.45794056658633e-06,25.191450119018555,3.261651363573037e-05,8.45794056658633e-06,5.038290023803711,0.00016308256817865185,0.586399495601654,0.0006074264529161155,0.012005488388240337,1,single-core,0.9994996190071106,0.9999982118606567,"[(11, 11, 11), (10, 14, 11), (14, 10, 11), (8, 10, 11), (14, 14, 11), (11, 8, 12), (7, 13, 11), (11, 17, 11)]","[0.586399495601654, 0.032910048961639404, 0.03289000317454338, 0.015760740265250206, 0.007909715175628662, 0.006423632148653269, 0.004460970405489206, 0.0028925538063049316]","[3.1622776601683795, 3.1622776601683795, 3.1622776601683795, 4.242640687119285, 3.1622776601683795, 4.47213595499958, 6.0, 5.656854249492381, 4.47213595499958, 4.0, 6.164414002968976, 3.1622776601683795, 3.1622776601683795, 6.0, 4.0, 3.7416573867739413, 7.615773105863909, 7.615773105863909, 7.211102550927978, 3.7416573867739413, 3.1622776601683795, 7.615773105863909, 6.782329983125268, 7.0710678118654755, 4.242640687119285, 6.48074069840786, 9.055385138137417, 5.656854249492381]","[(0.29045960776602425, -0.34123571499500155, 0.1185743685069273), (0.053221013707924515, 0.3736134730411103, -0.13077392403871033), (-0.4104947575932702, -0.17170012060569992, -0.002430619574840225)]"
24,4,6,4.000000153506781,4.000000153506781,1.5350678062020506e-07,9000,0.11760867417624432,False,1.0,0.2,5.0,1.0,mixed,7.538904063791597,4.6304185161716305e-06,37.694061279296875,1.7435502741136588e-05,4.6304185161716305e-06,7.5388122558593755,8.717751370568294e-05,0.8828189373016357,0.0009089038940146565,0.015274131670594215,3,triangular/three-core,0.9996750354766846,0.9999990463256836,"[(11, 10, 11), (14, 11, 11), (11, 14, 11), (8, 11, 11), (10, 7, 11), (8, 15, 11), (14, 15, 11), (15, 8, 11)]","[0.8828189373016357, 0.19866369664669037, 0.16912078857421875, 0.054032426327466965, 0.0164262056350708, 0.011871318332850933, 0.011811435222625732, 0.011772950179874897]","[3.1622776601683795, 4.0, 3.1622776601683795, 3.1622776601683795, 5.830951894845301, 5.830951894845301, 4.47213595499958, 4.242640687119285, 6.0, 5.656854249492381, 7.211102550927978, 4.0, 3.1622776601683795, 4.242640687119285, 7.0710678118654755, 3.1622776601683795, 3.1622776601683795, 7.211102550927978, 4.47213595499958, 4.0, 7.211102550927978, 7.615773105863909, 8.246211251235321, 8.94427190999916, 5.0990195135927845, 6.0, 9.899494936611665, 7.0710678118654755]","[(-0.375, -0.055555996006799856, 0.027095655855957013), (-0.125, 0.03493681756100704, 0.002900880499171686), (0.12499999999999997, -0.04520399778913381, 0.05781820465072417), (0.375, -0.06135818347250991, -0.04408170545754708)]"
24,5,3,5.000000165129834,5.000000165129834,1.6512983425087668e-07,9000,0.12821594826118599,False,1.0,0.2,5.0,1.0,mixed,12.567936708450588,1.8322241430723807e-06,62.839508056640625,6.652979664067971e-06,1.8322241430723807e-06,12.567901611328125,3.326489832033985e-05,0.8965093493461609,0.0015152246924117208,0.021001320332288742,3,triangular/three-core,0.9997656345367432,0.9999991655349731,"[(10, 10, 11), (13, 11, 11), (11, 14, 11), (8, 13, 11), (14, 8, 11), (11, 7, 11), (16, 12, 11), (7, 9, 11)]","[0.8965093493461609, 0.7211726307868958, 0.2934153974056244, 0.054258108139038086, 0.03720046952366829, 0.03649826720356941, 0.02997998334467411, 0.029361486434936523]","[3.1622776601683795, 4.123105625617661, 3.605551275463989, 4.47213595499958, 3.1622776601683795, 6.324555320336759, 3.1622776601683795, 3.605551275463989, 5.385164807134504, 3.1622776601683795, 4.47213595499958, 3.1622776601683795, 6.324555320336759, 3.1622776601683795, 6.708203932499369, 7.0, 5.385164807134504, 6.4031242374328485, 7.810249675906654, 6.708203932499369, 8.06225774829855, 4.123105625617661, 3.1622776601683795, 4.47213595499958, 7.0710678118654755, 7.0710678118654755, 4.47213595499958, 9.486832980505138]","[(-0.04957574819050449, 0.017827616406019285, 0.0067641714457410285), (-0.07306323032275631, 0.15671741686422766, -0.032166592810891625), (0.27461637748967643, -0.04131134842669678, 0.06324890854642008), (-0.3412417392754861, -0.10319149615020651, -0.0034033620917185044), (-0.26148660263285256, 0.14331602323751294, 0.1530627428661123)]"
24,6,2,6.000000171583656,6.000000171583656,1.7158365572811363e-07,9000,0.239703629598079,False,1.0,0.2,5.0,1.0,mixed,17.739471185296317,5.758106453868095e-06,88.69679260253906,2.138133640983142e-05,5.758106453868095e-06,17.739358520507814,0.0001069066820491571,1.1298071146011353,0.0021387168671935797,0.02683095820248127,3,triangular/three-core,0.99964439868927,0.9999988675117493,"[(11, 11, 11), (14, 10, 11), (10, 14, 11), (8, 10, 11), (14, 14, 11), (11, 7, 11), (7, 13, 11), (17, 11, 11)]","[1.1298071146011353, 0.2979801595211029, 0.28280726075172424, 0.15602119266986847, 0.07239490747451782, 0.06976161152124405, 0.047202546149492264, 0.0338250994682312]","[3.1622776601683795, 3.1622776601683795, 3.1622776601683795, 4.242640687119285, 4.0, 4.47213595499958, 6.0, 5.656854249492381, 6.0, 4.0, 4.242640687119285, 7.615773105863909, 3.1622776601683795, 4.47213595499958, 4.0, 7.0710678118654755, 3.1622776601683795, 7.615773105863909, 7.211102550927978, 4.242640687119285, 3.1622776601683795, 9.055385138137417, 7.615773105863909, 7.0710678118654755, 4.242640687119285, 7.211102550927978, 7.211102550927978, 10.198039027185569]","[(-0.375, -0.01658968047915029, 0.0265999506786706), (-0.22499999999999998, 0.020991715133806845, 0.054605305829422815), (-0.07499999999999998, -0.007853815304351, -0.047031225057134654), (0.07499999999999998, 0.023476039742330534, 0.04685142882597953), (0.22500000000000003, -0.04060286563082732, 0.062181119295034656), (0.375, -0.06114191592332345, -0.0364011134784892)]"
24,7,3,7.000000280623534,7.000000280623534,2.80623534187896e-07,9000,0.3226106348280169,False,1.0,0.2,5.0,1.0,mixed,21.35561592610393,2.1645148081006482e-05,106.77593994140625,8.125853491947055e-05,2.1645148081006482e-05,21.35518798828125,0.00040629267459735274,1.3325036764144897,0.0025746538303792477,0.02741578035056591,3,triangular/three-core,0.9989789128303528,0.9999976754188538,"[(10, 10, 11), (14, 11, 11), (11, 14, 11), (13, 8, 11), (8, 13, 11), (7, 9, 11), (15, 14, 11), (10, 6, 11)]","[1.3325036764144897, 0.7297199368476868, 0.7230920195579529, 0.16674737632274628, 0.12569214403629303, 0.083362877368927, 0.07120690494775772, 0.0540543794631958]","[4.123105625617661, 4.123105625617661, 3.605551275463989, 3.605551275463989, 3.1622776601683795, 6.4031242374328485, 4.0, 4.242640687119285, 3.1622776601683795, 6.324555320336759, 7.280109889280518, 3.1622776601683795, 6.4031242374328485, 6.324555320336759, 3.1622776601683795, 6.4031242374328485, 4.0, 8.06225774829855, 7.0710678118654755, 6.082762530298219, 6.324555320336759, 3.605551275463989, 4.123105625617661, 7.0710678118654755, 7.280109889280518, 9.433981132056603, 4.242640687119285, 9.433981132056603]","[(0.06217733198352177, 0.08849299121269011, 0.005975081160645256), (-0.029262017889601175, 0.44972243449351273, -0.1632888697134143), (-0.06857465029980128, 0.2779353157696567, 0.07979066883021856), (-0.17437688310519753, 0.2764607571509453, -0.07869240348860654), (-0.08900009732181992, -0.029596551399704206, -0.22956670590354963), (-0.12642285245696333, 0.1330855656300235, -0.050886371057572176), (0.1472618377016073, -0.19284203757977217, -0.0010059954707418034)]"
24,8,7,8.000000328211991,8.000000328211991,3.282119909187031e-07,9000,0.46879938282945943,False,1.0,0.2,5.0,1.0,mixed,26.90261625747371,0.00018922249728348106,134.49493408203125,0.0006880437140353024,0.00018922249728348106,26.89898681640625,0.003440218570176512,1.0093401670455933,0.00324303493835032,0.03088831901550293,6,6-core/extended,0.9967344999313354,0.9999926686286926,"[(10, 10, 11), (13, 9, 11), (10, 14, 11), (14, 12, 11), (7, 11, 11), (13, 15, 11), (9, 7, 11), (17, 11, 11)]","[1.0093401670455933, 0.9580604434013367, 0.6280385851860046, 0.5940179228782654, 0.1989913135766983, 0.16757553815841675, 0.127725288271904, 0.08687760680913925]","[3.1622776601683795, 4.0, 4.47213595499958, 3.1622776601683795, 5.830951894845301, 3.1622776601683795, 7.0710678118654755, 5.830951894845301, 3.1622776601683795, 6.324555320336759, 6.0, 4.47213595499958, 4.47213595499958, 4.47213595499958, 4.242640687119285, 3.1622776601683795, 7.0710678118654755, 7.615773105863909, 7.0710678118654755, 3.1622776601683795, 7.0710678118654755, 3.1622776601683795, 7.211102550927978, 4.47213595499958, 10.0, 8.94427190999916, 5.656854249492381, 8.94427190999916]","[(0.054353454009494775, 0.29543510263938433, -0.07163038013889145), (0.11193911255888643, -0.17983104253456125, 0.24949526676141198), (0.09058965486021192, 0.07068194048104981, -0.19715462996649996), (-0.1782700736268785, 0.28614468674708693, 0.04367878620742281), (0.04324264868961332, -0.17911222009608543, 0.014816266424506742), (0.09684978413839192, -0.1498097798314405, 0.039317981583744346), (-0.11017596274826572, 0.07082580512980038, 0.036374587658218376), (0.08928684527393309, 0.540601659185355, 0.05089033968319534)]"
24,9,7,9.000000350099478,9.000000350099478,3.5009947829678367e-07,9000,0.5557289623058708,False,1.0,0.2,5.0,1.0,mixed,33.62972245981764,2.8117383408243768e-05,168.14584350585938,0.00010512825247133151,2.8117383408243768e-05,33.62916870117188,0.0005256412623566575,0.9593961834907532,0.004054452758282423,0.03493434935808182,6,6-core/extended,0.9989450573921204,0.999995231628418,"[(10, 9, 11), (14, 10, 11), (10, 14, 11), (13, 13, 11), (7, 11, 11), (13, 7, 11), (17, 11, 11), (11, 17, 11)]","[0.9593961834907532, 0.8293609619140625, 0.8198472857475281, 0.5419607758522034, 0.30466869473457336, 0.1740574687719345, 0.13297666609287262, 0.13131071627140045]","[4.123105625617661, 5.0, 5.0, 3.605551275463989, 3.605551275463989, 7.280109889280518, 8.06225774829855, 5.656854249492381, 3.1622776601683795, 7.0710678118654755, 3.1622776601683795, 3.1622776601683795, 7.615773105863909, 3.1622776601683795, 4.242640687119285, 7.615773105863909, 7.615773105863909, 3.1622776601683795, 6.324555320336759, 6.0, 4.47213595499958, 4.47213595499958, 7.211102550927978, 10.0, 7.211102550927978, 5.656854249492381, 10.198039027185569, 8.48528137423857]","[(-0.08437014681432722, 0.20146683889219089, 0.053785582317940235), (-0.2625754573528748, 0.14666528452782993, -0.17023228081202518), (0.04563229210101031, 0.1839207320764441, 0.06679335474799616), (-0.34197996627030885, 0.46050998066756155, -0.201175502858909), (0.10510420840732337, 0.041872963617332136, 0.14059642457543714), (-0.37103489539911083, -0.369896246026901, -0.12635945218827097), (0.27463399379677655, 0.023405132853816492, -0.11265974686961629), (-0.07259208132277113, 0.036297803588126856, 0.056875413468903846), (0.14467703525202985, -0.05284135279892765, 0.0709597058801262)]"
24,10,2,10.000000402519998,10.000000402519998,4.0251999777751735e-07,9000,0.7674206118877933,False,1.0,0.2,5.0,1.0,mixed,39.052668449996055,9.599074473953806e-06,195.26242065429688,3.494401244097389e-05,9.599074473953806e-06,39.052484130859376,0.00017472006220486946,1.1477106809616089,0.004708307795226574,0.038129810243844986,7,7-core/extended,0.9995574951171875,0.9999985694885254,"[(10, 9, 11), (10, 14, 11), (13, 13, 11), (15, 10, 11), (7, 11, 11), (13, 7, 11), (11, 17, 11), (9, 6, 11)]","[1.1477106809616089, 0.789472758769989, 0.7382084727287292, 0.670447051525116, 0.5661489367485046, 0.24255722761154175, 0.1914370208978653, 0.1491161584854126]","[5.0, 5.0, 5.0990195135927845, 3.605551275463989, 3.605551275463989, 8.06225774829855, 3.1622776601683795, 3.1622776601683795, 6.4031242374328485, 4.242640687119285, 7.615773105863909, 3.1622776601683795, 8.06225774829855, 3.605551275463989, 6.324555320336759, 6.0, 4.47213595499958, 8.06225774829855, 8.06225774829855, 3.605551275463989, 8.06225774829855, 7.211102550927978, 7.211102550927978, 7.211102550927978, 5.385164807134504, 10.198039027185569, 4.123105625617661, 11.180339887498949]","[(-0.375, 0.005093130510416325, -8.401376702770868e-06), (-0.2916666666666667, -0.02580295585150314, 0.0027295735053956046), (-0.20833333333333334, -0.0070790698607887, 0.007596107666323937), (-0.125, -0.052903886455364875, -0.0002772015047801538), (-0.041666666666666685, -0.012781239335775595, 0.05004696500143837), (0.041666666666666685, -0.009586297361344722, -0.0051287911023316255), (0.12499999999999997, 0.022428077609388763, 0.048908092533407325), (0.20833333333333334, 0.002874391051309433, -0.0023920030116966686), (0.29166666666666663, 0.027303851744007457, -0.05393396497708376), (0.375, 0.0022591711904424525, 0.07524876698629798)]"
32,1,0,1.0000000314086404,1.0000000314086404,3.140864035522384e-08,9000,8.690925239418501e-05,False,1.0,0.2,5.0,1.0,mixed,0.9216069507234181,3.3185941106239625e-07,4.6079816818237305,2.0564998521876987e-06,3.3185941106239625e-07,0.9215963363647461,1.0282499260938494e-05,0.4999988079071045,4.687486944021657e-05,0.003269206266850233,1,single-core,0.999993622303009,1.0,"[(15, 15, 15), (15, 18, 14), (14, 15, 18), (18, 14, 15), (14, 15, 12), (15, 12, 14), (12, 14, 15), (17, 17, 17)]","[0.4999988079071045, 0.0007638335227966309, 0.000763793766964227, 0.0007637341623194516, 0.0003086129727307707, 0.0003085533680859953, 0.0003085136413574219, 0.0002616445126477629]","[3.1622776601683795, 3.1622776601683795, 3.1622776601683795, 3.1622776601683795, 3.1622776601683795, 3.1622776601683795, 3.4641016151377544, 5.0990195135927845, 5.0990195135927845, 3.7416573867739413, 6.0, 5.0990195135927845, 3.7416573867739413, 5.0990195135927845, 6.0, 5.0990195135927845, 3.7416573867739413, 3.7416573867739413, 5.0990195135927845, 3.7416573867739413, 6.0, 3.7416573867739413, 3.7416573867739413, 3.7416573867739413, 6.164414002968976, 3.7416573867739413, 6.164414002968976, 6.164414002968976]","[(0.0, 0.0, 0.0)]"
32,2,3,2.000000061264624,2.000000061264624,6.126462404054678e-08,9000,0.009916723309652209,False,1.0,0.2,5.0,1.0,mixed,3.240991891164049,1.0354518053645734e-05,16.20383071899414,4.3078569433419034e-05,1.0354518053645734e-05,3.240766143798828,0.00021539284716709517,1.321135401725769,0.0001648353791097179,0.009543457999825478,1,single-core,0.9994598031044006,0.9999991655349731,"[(15, 15, 15), (14, 18, 15), (18, 14, 15), (12, 14, 15), (15, 12, 14), (18, 17, 14), (11, 17, 15), (17, 20, 15)]","[1.321135401725769, 0.00884169340133667, 0.008783161640167236, 0.0039250850677490234, 0.002315263031050563, 0.0020966529846191406, 0.0010587176075205207, 0.0008884866838343441]","[3.1622776601683795, 3.1622776601683795, 3.1622776601683795, 3.1622776601683795, 3.7416573867739413, 4.47213595499958, 5.385164807134504, 5.656854249492381, 4.47213595499958, 6.164414002968976, 4.242640687119285, 3.1622776601683795, 3.605551275463989, 6.0, 3.7416573867739413, 3.1622776601683795, 7.615773105863909, 6.082762530298219, 3.7416573867739413, 6.782329983125268, 3.1622776601683795, 7.810249675906654, 5.830951894845301, 6.48074069840786, 8.306623862918075, 7.0710678118654755, 3.3166247903554, 6.708203932499369]","[(-0.07077012558725075, -0.022801033769580585, 0.06399054063017595), (0.41331286067619033, 0.29589912173563643, 0.01737358824912785)]"
32,3,1,3.000000114082508,3.000000114082508,1.1408250788491614e-07,9000,0.027121388228624532,False,1.0,0.2,5.0,1.0,mixed,5.145293755069543,1.4328196812130045e-05,25.724903106689453,5.9761106967926025e-05,1.4328196812130045e-05,5.144980621337891,0.0002988055348396301,0.5862685441970825,0.00026168994372710586,0.007803251966834068,1,single-core,0.9994853734970093,0.9999984502792358,"[(15, 15, 15), (14, 18, 15), (18, 14, 15), (12, 14, 15), (18, 18, 15), (15, 12, 16), (11, 17, 15), (15, 21, 15)]","[0.5862685441970825, 0.03290987014770508, 0.032880622893571854, 0.015516738407313824, 0.007925729267299175, 0.006436606403440237, 0.004469593521207571, 0.0028936266899108887]","[3.1622776601683795, 3.1622776601683795, 3.1622776601683795, 4.242640687119285, 3.1622776601683795, 4.47213595499958, 6.0, 5.656854249492381, 4.47213595499958, 4.0, 6.164414002968976, 3.1622776601683795, 3.1622776601683795, 6.0, 4.0, 3.7416573867739413, 7.615773105863909, 7.615773105863909, 7.211102550927978, 3.7416573867739413, 3.1622776601683795, 7.615773105863909, 6.782329983125268, 7.0710678118654755, 4.242640687119285, 6.48074069840786, 9.055385138137417, 5.656854249492381]","[(0.29045960776602425, -0.34123571499500155, 0.1185743685069273), (0.053221013707924515, 0.3736134730411103, -0.13077392403871033), (-0.4104947575932702, -0.17170012060569992, -0.002430619574840225)]"
32,4,6,4.000000123248312,4.000000123248312,1.2324831200061226e-07,9000,0.11893696428651346,False,1.0,0.2,5.0,1.0,mixed,7.791271408952707,7.821799044904765e-06,38.95551300048828,3.219741120119579e-05,7.821799044904765e-06,7.791102600097656,0.00016098705600597896,0.8743907809257507,0.00039627935620956123,0.009866923093795776,3,triangular/three-core,0.9996757507324219,0.999998927116394,"[(15, 14, 15), (18, 15, 15), (15, 18, 15), (12, 15, 15), (14, 11, 15), (12, 19, 15), (19, 12, 15), (18, 19, 15)]","[0.8743907809257507, 0.195525661110878, 0.16831618547439575, 0.055660348385572433, 0.016430020332336426, 0.011952519416809082, 0.01185697317123413, 0.011821706779301167]","[3.1622776601683795, 4.0, 3.1622776601683795, 3.1622776601683795, 5.830951894845301, 4.47213595499958, 5.830951894845301, 4.242640687119285, 6.0, 5.656854249492381, 7.211102550927978, 3.1622776601683795, 4.0, 4.242640687119285, 7.0710678118654755, 3.1622776601683795, 7.211102550927978, 3.1622776601683795, 4.47213595499958, 4.0, 7.615773105863909, 7.211102550927978, 8.246211251235321, 5.0990195135927845, 8.94427190999916, 9.899494936611665, 6.0, 7.0710678118654755]","[(-0.375, -0.055555996006799856, 0.027095655855957013), (-0.125, 0.03493681756100704, 0.002900880499171686), (0.12499999999999997, -0.04520399778913381, 0.05781820465072417), (0.375, -0.06135818347250991, -0.04408170545754708)]"
32,5,3,5.000000175311846,5.000000175311846,1.7531184592911586e-07,9000,0.13379990452967938,False,1.0,0.2,5.0,1.0,mixed,13.0469333658516,3.1423865038959775e-06,65.23433685302734,1.257057192560751e-05,3.1423865038959775e-06,13.046867370605469,6.285285962803755e-05,0.9175332188606262,0.000663589802570641,0.013682801276445389,3,triangular/three-core,0.9997659921646118,0.9999993443489075,"[(14, 14, 15), (17, 15, 15), (15, 18, 15), (12, 17, 15), (18, 12, 15), (15, 11, 15), (20, 16, 15), (11, 13, 15)]","[0.9175332188606262, 0.7215225100517273, 0.2893609404563904, 0.05415642261505127, 0.03736521676182747, 0.03652487322688103, 0.030154168605804443, 0.029723742976784706]","[3.1622776601683795, 4.123105625617661, 3.605551275463989, 4.47213595499958, 3.1622776601683795, 6.324555320336759, 3.1622776601683795, 3.605551275463989, 5.385164807134504, 3.1622776601683795, 4.47213595499958, 3.1622776601683795, 6.324555320336759, 3.1622776601683795, 6.708203932499369, 7.0, 5.385164807134504, 6.4031242374328485, 7.810249675906654, 6.708203932499369, 8.06225774829855, 4.123105625617661, 3.1622776601683795, 4.47213595499958, 7.0710678118654755, 7.0710678118654755, 4.47213595499958, 9.486832980505138]","[(-0.04957574819050449, 0.017827616406019285, 0.0067641714457410285), (-0.07306323032275631, 0.15671741686422766, -0.032166592810891625), (0.27461637748967643, -0.04131134842669678, 0.06324890854642008), (-0.3412417392754861, -0.10319149615020651, -0.0034033620917185044), (-0.26148660263285256, 0.14331602323751294, 0.1530627428661123)]"
32,6,2,6.000000204407149,6.000000204407149,2.0440714898484202e-07,9000,0.2675723314492622,False,1.0,0.2,5.0,1.0,mixed,18.46557786202775,9.690699698694516e-06,92.32685852050781,3.929344529751688e-05,9.690699698694516e-06,18.465371704101564,0.0001964672264875844,1.1442042589187622,0.0009391990024596453,0.017190368846058846,3,triangular/three-core,0.9996414184570312,0.9999986886978149,"[(14, 14, 15), (17, 16, 15), (14, 18, 15), (18, 13, 15), (11, 15, 15), (15, 11, 15), (18, 19, 15), (21, 14, 15)]","[1.1442042589187622, 0.6875360608100891, 0.2785869538784027, 0.12352748960256577, 0.09275200217962265, 0.06982725858688354, 0.04416358470916748, 0.035870373249053955]","[3.605551275463989, 4.0, 4.123105625617661, 3.1622776601683795, 3.1622776601683795, 6.4031242374328485, 7.0, 3.605551275463989, 3.1622776601683795, 6.082762530298219, 5.385164807134504, 3.1622776601683795, 4.47213595499958, 6.4031242374328485, 4.242640687119285, 7.0710678118654755, 4.123105625617661, 8.06225774829855, 7.280109889280518, 3.605551275463989, 6.0, 3.1622776601683795, 5.656854249492381, 8.06225774829855, 10.04987562112089, 8.54400374531753, 6.708203932499369, 5.830951894845301]","[(-0.375, -0.01658968047915029, 0.0265999506786706), (-0.22499999999999998, 0.020991715133806845, 0.054605305829422815), (-0.07499999999999998, -0.007853815304351, -0.047031225057134654), (0.07499999999999998, 0.023476039742330534, 0.04685142882597953), (0.22500000000000003, -0.04060286563082732, 0.062181119295034656), (0.375, -0.06114191592332345, -0.0364011134784892)]"
32,7,5,7.000000226283817,7.000000226283817,2.262838165734138e-07,9000,0.323364377458347,False,1.0,0.2,5.0,1.0,mixed,23.327674303375534,0.0001871355198090896,116.618408203125,0.0007611054461449385,0.0001871355198090896,23.323681640625,0.0038055272307246923,1.333168864250183,0.0011863036779686809,0.018814507871866226,3,triangular/three-core,0.9983696341514587,0.9999904632568359,"[(14, 14, 15), (18, 15, 15), (15, 18, 15), (17, 12, 15), (12, 17, 15), (13, 11, 15), (18, 19, 15), (10, 14, 15)]","[1.333168864250183, 0.7291460037231445, 0.7286813855171204, 0.15662460029125214, 0.15486355125904083, 0.08514674752950668, 0.07146688550710678, 0.054776888340711594]","[4.123105625617661, 4.123105625617661, 3.605551275463989, 3.605551275463989, 3.1622776601683795, 6.4031242374328485, 4.0, 4.242640687119285, 3.1622776601683795, 6.324555320336759, 6.4031242374328485, 4.0, 8.06225774829855, 6.324555320336759, 3.1622776601683795, 7.280109889280518, 3.1622776601683795, 6.4031242374328485, 7.0710678118654755, 4.123105625617661, 7.0710678118654755, 7.280109889280518, 6.082762530298219, 6.324555320336759, 3.605551275463989, 9.433981132056603, 4.242640687119285, 9.433981132056603]","[(0.21984900390989345, 0.4559259314959066, -0.013794291804964519), (-0.11532715094495485, 0.38430814369017485, -0.04965667449314774), (-0.49176334713666714, 0.01116670873182422, -0.01039968275422046), (-0.2625498325976866, -0.2946087616298323, 0.03982396928731166), (0.09466481746421998, -0.4022518181496238, 0.07499874181203402), (0.4072976224188947, -0.2674834668063339, -0.09078217794635857), (0.45175858820402304, 0.1473787948331084, 0.12111038261080125)]"
32,8,2,8.000000216576963,8.000000216576963,2.1657696258614578e-07,9000,0.4800725485692965,False,1.0,0.2,5.0,1.0,mixed,28.44446207596502,1.2532848813862074e-05,142.2209930419922,5.018694355385378e-05,1.2532848813862074e-05,28.444198608398438,0.0002509347177692689,1.0640108585357666,0.001446753041818738,0.0196751207113266,5,5-core/extended,0.9995991587638855,0.9999984502792358,"[(14, 14, 15), (19, 15, 15), (15, 18, 15), (11, 15, 15), (17, 12, 15), (13, 11, 15), (12, 19, 15), (18, 19, 15)]","[1.0640108585357666, 0.7243964076042175, 0.6737082600593567, 0.505280077457428, 0.23233449459075928, 0.12732219696044922, 0.10767587274312973, 0.10640666633844376]","[5.0990195135927845, 4.123105625617661, 3.1622776601683795, 3.605551275463989, 3.1622776601683795, 5.385164807134504, 6.4031242374328485, 5.0, 8.0, 3.605551275463989, 7.211102550927978, 8.06225774829855, 4.123105625617661, 5.0, 6.324555320336759, 7.280109889280518, 3.1622776601683795, 3.1622776601683795, 6.708203932499369, 4.47213595499958, 4.123105625617661, 8.06225774829855, 4.123105625617661, 8.602325267042627, 7.0710678118654755, 8.06225774829855, 9.433981132056603, 6.0]","[(-0.375, 0.0008565795463254211, -0.019096687265473138), (-0.26785714285714285, 0.010361695546361571, 0.023904150399668533), (-0.16071428571428573, -0.0027460426722875405, -0.015492630930337314), (-0.05357142857142859, 0.043095980421112366, 0.014074515566820513), (0.05357142857142855, 0.007814440059371233, 0.05416338863979401), (0.16071428571428573, 0.007926506976326022, 0.013521073384113609), (0.2678571428571428, 0.008967987775340743, 0.00966480664888837), (0.375, 0.07856524564872155, -0.05435116244126619)]"
32,9,6,9.000000278002949,9.000000278002949,2.7800294866153763e-07,9000,0.6688438985231215,False,1.0,0.2,5.0,1.0,mixed,36.12142173186476,1.46635666169459e-05,180.60562133789062,5.656014400301501e-05,1.46635666169459e-05,36.121124267578125,0.00028280072001507506,1.0810259580612183,0.0018372222548350692,0.022863298654556274,7,7-core/extended,0.9995720386505127,0.9999983310699463,"[(14, 13, 15), (18, 14, 15), (14, 18, 15), (17, 17, 15), (11, 16, 15), (21, 16, 15), (17, 11, 15), (15, 21, 15)]","[1.0810259580612183, 0.832025945186615, 0.7930520176887512, 0.5040706992149353, 0.3888625204563141, 0.18284928798675537, 0.17291350662708282, 0.13178293406963348]","[4.123105625617661, 5.0, 5.0, 4.242640687119285, 7.615773105863909, 3.605551275463989, 8.06225774829855, 5.656854249492381, 3.1622776601683795, 7.280109889280518, 3.605551275463989, 3.1622776601683795, 7.615773105863909, 3.1622776601683795, 3.605551275463989, 7.280109889280518, 7.615773105863909, 3.1622776601683795, 6.082762530298219, 4.123105625617661, 6.0, 4.47213595499958, 10.0, 7.810249675906654, 6.4031242374328485, 6.4031242374328485, 7.810249675906654, 10.198039027185569]","[(-0.375, -0.04791565297748882, 0.014823936198639644), (-0.28125, 0.06768360583170019, -0.008165577609623454), (-0.1875, 0.020146674788339373, -0.013798195943430784), (-0.09375, -0.008695308597397736, 0.020538548708923285), (0.0, 0.015430356529095246, 0.049445904924872476), (0.09375, -0.036338086889717486, -0.022866430166868547), (0.1875, -0.029830796684486866, -0.01577003862339289), (0.28125, 0.034142746953102265, -0.04577482100909999), (0.375, 0.06512070164673808, -0.027529451942316954)]"
32,10,2,10.00000029618809,10.00000029618809,2.9618808916609396e-07,9000,0.8237997818236238,False,1.0,0.2,5.0,1.0,mixed,41.29937716745917,1.636928936932236e-05,206.49520874023438,6.38100245851092e-05,1.636928936932236e-05,41.299041748046875,0.000319050122925546,1.0393027067184448,0.0021005880553275347,0.02385542541742325,8,8-core/extended,0.9995497465133667,0.9999982118606567,"[(13, 13, 15), (17, 13, 15), (17, 17, 15), (14, 18, 15), (20, 15, 15), (10, 15, 15), (15, 10, 15), (15, 21, 15)]","[1.0393027067184448, 0.8404777646064758, 0.8118230700492859, 0.7890658974647522, 0.7050755023956299, 0.6153516173362732, 0.19751857221126556, 0.19147033989429474]","[4.0, 5.656854249492381, 5.0990195135927845, 7.280109889280518, 3.605551275463989, 3.605551275463989, 8.246211251235321, 4.0, 5.830951894845301, 3.605551275463989, 7.280109889280518, 3.605551275463989, 8.246211251235321, 3.1622776601683795, 3.605551275463989, 7.280109889280518, 7.280109889280518, 4.47213595499958, 6.708203932499369, 5.0, 8.06225774829855, 3.1622776601683795, 10.0, 7.0710678118654755, 7.810249675906654, 7.0710678118654755, 7.810249675906654, 11.0]","[(-0.375, 0.005093130510416325, -8.401376702770868e-06), (-0.2916666666666667, -0.02580295585150314, 0.0027295735053956046), (-0.20833333333333334, -0.0070790698607887, 0.007596107666323937), (-0.125, -0.052903886455364875, -0.0002772015047801538), (-0.041666666666666685, -0.012781239335775595, 0.05004696500143837), (0.041666666666666685, -0.009586297361344722, -0.0051287911023316255), (0.12499999999999997, 0.022428077609388763, 0.048908092533407325), (0.20833333333333334, 0.002874391051309433, -0.0023920030116966686), (0.29166666666666663, 0.027303851744007457, -0.05393396497708376), (0.375, 0.0022591711904424525, 0.07524876698629798)]"
